[

{
    "introduccion": "JSON (JavaScript Object Notation) es un formato de texto ligero y de uso",
    "introduccio1": "común para intercambiar datos. Es fácil de leer y escribir para los",
    "introduccio2": "humanos, así como fácil de analizar y generar para las máquinas. Aunque su",
    "introduccio3": "origen está en JavaScript, JSON es independiente del lenguaje y se",
    "introduccio4": "utiliza ampliamente en la programación y en la comunicación entre sistemas."
    
},

{
    "_comentario": "Los objectos son colecciones de pares valor-clave",
    "nombre": "Juan",
    "edad": 30,
    "esEstudiante": false
},

{
    "_comentario": "Aqui un ejemplo de cada tipo de dato",
    "cadenasDeTexto": "cadenaDeTexto",
    "numeros": 10,
    "numerosConDecimales": 10.5,
    "booleanoTrue": true,
    "booleanoFalse": false,
    "nulos": null,
    "lista": [1, 2, 3, 4, "cinco"],
    "objectoDiccionario": {
        "clave": "valor",
        "otroNumero": 100
    }
},

{
    "_comentario": "esto es un ejemplo de array con una lista",
    "frutas": [
        "manzana",
        "banana",
        "cereza"
    ]
},

{
    "_comentario": "esto es un ejemplo completo",
    "persona": {
        "nombre": "ana",
        "edad": 25,
        "hoobies": [
            "lectura",
            "musica",
            "viajar"
        ],
        "esEmpleado": true,
        "direccion": {
            "ciudad": "Madrid",
            "pais": "España"
        }
    }
},

{
    "titulo": "caracteristicas de JSON",
    "LegibleySimple": "Es fácil de entender tanto para personas como para sistemas",
    "Ligero": "Su sintaxis mínima lo hace eficiente.",
    "AmplioSoporta": "JSON es compatible con la mayoría de los lenguajes de programación, como Python, Java, C#, etc."
},

{
    "titulo": "Usos Comunes",
    "opcion1": "Intercambio de datos en aplicaciones web (por ejemplo, entre el cliente y el servidor).",
    "opcion2": "Configuración de sistemas y aplicaciones.",
    "opcion3": "Almacenamiento de datos estructurados."
},

{
    "titulo": "tipos de notacion",

    "objeto": "un objecto es una colección desordenada de pares clave-valor delimitada por llaves({})",
    "partesDeUnObjecto": {
        "clave": "siempre es una cadena (entre comillas dobles)",
        "valor": "puede ser uno de los tipos permitidos en JSON"
    },
    "ejemploDeObjeto": {
        "nombre": "maria",
        "edad": 28,
        "esEmpleado": true
    }, 

    "arrays": "un arreglo o array es una lista ordenada de valores, delimitado por corchetes([])",
    "mensaje": "los valores dentro del arreglo pueden ser cualquier tipo valido:",
    "mensaje1": "cadenas, numeros, objetos, otros arregles, etc",
    "ejemplo": [
        "rojo",
        "verde",
        "azul"
    ]

},

{
    "titulo": "Valores Basicos",

    "cadenas1": "se respresentan entre comillas dobles",
    "cadenas2": "pueden contener caracteres escapados como \n, \"",
    "ejemplosCadenas": "\"hola, mundo\"",

    "numeros": "inclueyen enteros y decimales, positivos o negativos",
    "ejemplosNumeros": { 
        "numerosEnteros": 8,
        "numerosDecimales": 3.7,
        "numerosNegativos": -100
    },
    
    "booleanos": "respresentan verdadero o falso",
    "ejemplosBooleanos": {
        "verdadero": true,
        "falso": false
    },
    
    "nulo": "representan la ausencia de un valor",
    "ejemploNull": null
},

{
    "titulo": "anidacion de objectos y arreglos",
    "descripcion1": "Puedes combinar objectos y arreglos de manera anidada para",
    "descripcion2": "representan estructuras complejas",
    "ejemplo": {
        "persona": {
            "nombre": "carlos",
            "edad": 30,
            "hobbies": [
                "futbol",
                "lectura"
            ],
            "direccion": {
                "ciudad": "Lima",
                "pais": "peru"
            }
        },
        "empleos": [
            {
                "empresa": "TechCorp",
                "cargo": "desarrollador"
            },
            {
                "empresa": "innovate",
                "cargo": "analista"
            }
        ]
    }
}




]

